<?xml version="1.0" encoding="UTF-8"?>
<beans xmlns="http://www.springframework.org/schema/beans"
	xmlns:xsi="http://www.w3.org/2001/XMLSchema-instance" xmlns:tx="http://www.springframework.org/schema/tx"
	xmlns:context="http://www.springframework.org/schema/context"
	xmlns:aop="http://www.springframework.org/schema/aop"
	xmlns:task="http://www.springframework.org/schema/task"
	xsi:schemaLocation="http://www.springframework.org/schema/beans http://www.springframework.org/schema/beans/spring-beans-3.1.xsd
		http://www.springframework.org/schema/tx http://www.springframework.org/schema/tx/spring-tx-3.1.xsd
		http://www.springframework.org/schema/context http://www.springframework.org/schema/context/spring-context-3.1.xsd
		http://www.springframework.org/schema/aop http://www.springframework.org/schema/aop/spring-aop-3.1.xsd
		http://www.springframework.org/schema/task http://www.springframework.org/schema/task/spring-task-3.1.xsd
		">
		
	<!-- Properties Files -->
	<context:property-placeholder location="classpath*:*.properties" file-encoding="UTF-8"/>		

	<!-- Root Context: defines shared resources visible to all other web components -->
	<!-- Annotation 설정 -->
	<context:component-scan base-package="com.healthcare.biz" />
	
	<!-- AOP Aspect annotation 설정 -->
	<aop:aspectj-autoproxy />
	
	<!-- enable transaction demarcation with annotations -->
    <tx:annotation-driven />
    
    <!-- task annotation setting -->
    <task:executor id="executor" pool-size="1"/>
    <task:annotation-driven executor="executor"/>
    
	
	<!-- DB Pool 생성 : 향후 톰켓 풀을 사용하는 방향으로 변경 요망 -->
	<bean id="dataSource"
		class="org.springframework.jdbc.datasource.DriverManagerDataSource">
		<property name="driverClassName" value="${jdbc.driverClass}"></property>
		<property name="url" value="${jdbc.url}?useUnicode=true&amp;characterEncoding=utf8"></property>
		<property name="username" value="${jdbc.username}"></property>
		<property name="password" value="${jdbc.password}"></property>
	</bean>
	
	<!-- Transaction 설정 -->
	<bean id="transactionManager"
		class="org.springframework.jdbc.datasource.DataSourceTransactionManager">
		<property name="dataSource" ref="dataSource" />
	</bean>

	<!-- MyBatis SqlSessionFactoryBean 생성 -->
	<bean id="SqlSessionFactory" class="org.mybatis.spring.SqlSessionFactoryBean">
		<property name="dataSource" ref="dataSource" />
		
		<!-- <property name="mapperLocations" value="classpath:com/healthcare/mybatis/*.xml" />  -->
		<!-- <property name="typeAliasesPackage" value="com.healthcare.biz.mybatis.domain"></property> -->
		<property name="typeAliasesPackage" value="com.healthcare"></property>
	</bean>

	<!-- scan for mappers and let them be autowired -->
    <bean class="org.mybatis.spring.mapper.MapperScannerConfigurer">
        <property name="basePackage" value="com.healthcare.biz.mybatis.persistence" />
    </bean>
    
    <!-- multipart support bean -->
    <bean id="multipartResolver" class="org.springframework.web.multipart.commons.CommonsMultipartResolver" >
		<!-- <property name="maxUploadSize" value="100000"/>  -->
	</bean>

</beans>
